{
    "weights_input_hidden1": [
        [
            -0.906699,
            7.074328,
            5.892334,
            6.024945,
            -4.630507,
            -2.010519,
            7.030057
        ]
    ],
    "bias_hidden1": [
        [
            0.933435,
            -0.157501,
            -0.143966,
            -4.750247,
            4.085394,
            1.413703,
            -5.804385
        ]
    ],
    "weights_hidden1_hidden2": [
        [
            -0.34807,
            2.215559,
            0.407062,
            -0.67345,
            -0.533043
        ],
        [
            -0.109781,
            0.32823,
            2.133441,
            6.133885,
            -0.125462
        ],
        [
            0.04552,
            1.069349,
            1.794212,
            5.094807,
            0.07916
        ],
        [
            -2.690802,
            -6.344081,
            0.635472,
            1.177547,
            -1.477645
        ],
        [
            1.186097,
            7.370351,
            -0.162413,
            -2.106333,
            0.354898
        ],
        [
            -0.104241,
            3.227557,
            0.100966,
            -1.855462,
            -0.510334
        ],
        [
            -2.689212,
            -8.101432,
            0.575762,
            0.98913,
            -1.513018
        ]
    ],
    "bias_hidden1_hidden2": [
        [
            -0.11184,
            4.30897,
            0.610859,
            -0.716965,
            -0.236221
        ]
    ],
    "weights_hidden2_output": [
        [
            2.414436
        ],
        [
            8.934988
        ],
        [
            -2.090592
        ],
        [
            -6.121285
        ],
        [
            1.796379
        ]
    ],
    "bias_output": [
        [
            -1.695185
        ]
    ],
    "min_X_orig": 47.0,
    "max_X_orig": 50.5,
    "min_y_orig": 10.0,
    "max_y_orig": 1023.0
}